Workbook

Sheet Cover
A1: MicroLIMS
A2: DOCUMENT CONTROL MODULE — REQUIREMENTS RISK ASSESSMENT
A4: Document Title | B4: MicroLIMS Document Control Module — Requirements Risk Assessment
A5: Document Type | B5: Risk Assessment (GAMP 5, Second Edition — risk-based approach)
A6: Parent Documents | B6: Project Charter v1.0; URS v1.0; URS Amendment v1.1
A7: Requirement Baseline | B7: URS v1.1 — DC-URS-001 to DC-URS-203 (203 requirements)
A8: Version | B8: 1.0 (Draft for Risk Assessment Team Review)
A9: Status | B9: Draft
A10: Business Area | B10: Quality Control — Microbiology
A11: System Category | B11: GAMP Category 5 — Bespoke / custom developed application
A12: Prepared Date | B12: 06-Aug-2026
A13: Purpose | B13: To assess each approved user requirement for GxP impact and risk, and to determine the level of design control and qualification testing required for each requirement.
A16: IMPORTANT — HOW TO USE THIS DOCUMENT
A17: • Risk assessment is a team exercise. The severity, probability and detectability values in this workbook are a proposed starting position prepared from the requirement text; they are NOT approved values.
A18: • The risk assessment team (QC/Microbiology, Quality Assurance, System Owner, IT) shall review every row, agree or amend each rating, and record the rationale before the assessment is approved.
A19: • Failure scenarios have been written per requirement where the requirement carries specific risk, and per category elsewhere. Category-level scenarios should be made requirement-specific during review.
A20: • Risk Class and Risk Priority are calculated by formula from the Severity, Probability and Detectability columns. Change a rating and the class, priority, control strategy and test approach update automatically.
A21: • The 'Team Comment / Rationale' column is provided for the review record and shall be completed for every requirement whose rating is changed from the proposed value.
A22: • This assessment covers requirement risk only. It does not replace supplier assessment, infrastructure qualification, or process risk assessment.
A25: Risk Assessment Approval
A26: Role | B26: Name | C26: Signature | D26: Date
A27: System Owner
A28: QC / Microbiology Representative
A29: Quality Assurance
A30: IT / Technical Representative

Sheet Methodology
A1: Risk Assessment Methodology
A2: Two-step qualitative assessment in accordance with GAMP 5 (Second Edition), ISPE risk-based approach and ICH Q9 principles.
A4: 1. Severity — impact of the failure if it occurs
A5: Rating | B5: Definition
A6: High | B6: Failure could result in incorrect laboratory work, use of an unapproved or superseded procedure, loss or corruption of a GxP record, loss of attributability, or an inability to demonstrate compliance during inspection.
A7: Medium | B7: Failure could result in incomplete, delayed or misleading compliance information, requiring investigation and correction but not directly compromising a GxP record.
A8: Low | B8: Failure causes inconvenience or reduced usability with no impact on record integrity or compliance.
A11: 2. Probability — likelihood of the failure occurring in a bespoke (Category 5) application
A12: Rating | B12: Definition
A13: High | B13: Complex logic, multiple interacting states, date/time driven behaviour, concurrency, background processing, or bulk data handling.
A14: Medium | B14: Standard workflow, permission or file handling logic with moderate branching.
A15: Low | B15: Simple create/read/display logic or static configuration with limited branching.
A18: 3. Detectability — likelihood the failure is detected before it causes harm
A19: Rating | B19: Definition
A20: High | B20: Failure is immediately visible to the user, blocks the workflow, or is routinely detected by normal use or existing checks.
A21: Medium | B21: Failure is detectable through periodic review, reporting or supervisory checks, but not immediately.
A22: Low | B22: Failure is silent. The system continues to operate normally and the defect may only be discovered during inspection or investigation.
A25: 4. Risk Class = Severity x Probability
A26: Severity | B26: Probability High | C26: Probability Medium | D26: Probability Low
A27: High | B27: Class 3 | C27: Class 3 | D27: Class 2
A28: Medium | B28: Class 3 | C28: Class 2 | D28: Class 1
A29: Low | B29: Class 2 | C29: Class 1 | D29: Class 1
A32: 5. Risk Priority = Risk Class x Detectability
A33: Risk Class | B33: Detectability Low | C33: Detectability Medium | D33: Detectability High
A34: Class 3 | B34: High | C34: High | D34: Medium
A35: Class 2 | B35: High | C35: Medium | D35: Low
A36: Class 1 | B36: Medium | C36: Low | D36: Low
A39: 6. Control strategy and verification by Risk Priority
A40: Risk Priority | B40: Required Control Strategy | C40: Verification Approach
A41: High | B41: Design control plus independent verification. Specify explicitly in the Functional/Design Specification, implement with backend enforcement, and challenge in OQ with positive and negative test cases. Supporting procedural control (SOP) required where residual risk remains. | C41: Individual OQ test case — positive and negative testing, executed and witnessed
A42: Medium | B42: Specify in the Functional Specification and verify by individual OQ test case (positive testing). Procedural control where user judgement is involved. | C42: Individual OQ test case — positive testing
A43: Low | B43: Verify by grouped OQ execution or PQ/UAT scenario. No additional design control required beyond standard development and code review. | C43: Grouped OQ / PQ-UAT scenario verification

Sheet Risk Assessment
A1: Risk ID | B1: URS ID | C1: Category | D1: User Requirement | E1: Req. Priority | F1: GxP Impact | G1: Potential Failure Scenario | H1: Severity | I1: Probability | J1: Detectability | K1: Risk Class | L1: Risk Priority | M1: Risk Control Strategy | N1: Verification Approach | O1: URS Verification Method | P1: Residual Risk | Q1: Team Comment / Rationale
A2: RA-001 | B2: DC-URS-001 | C2: General | D2: The system shall provide a dedicated Document Control module within MicroLIMS. | E2: Must | F2: Yes | G2: Document master metadata or identification incorrect, incomplete or not retrievable. | H2: Medium | I2: Low | J2: Medium | K2: =IFERROR(INDEX(Lookups!$D$3:$D$11,MATCH(H2&"|"&I2,Lookups!$C$3:$C$11,0)),"") -> 1 | L2: =IFERROR(INDEX(Lookups!$H$3:$H$11,MATCH(K2&"|"&J2,Lookups!$G$3:$G$11,0)),"") -> Low | M2: =IFERROR(INDEX(Lookups!$L$3:$L$5,MATCH(L2,Lookups!$K$3:$K$5,0)),"") -> Verify by grouped OQ execution or PQ/UAT scenario. No additional design control required beyond standard development and code review. | N2: =IFERROR(INDEX(Lookups!$M$3:$M$5,MATCH(L2,Lookups!$K$3:$K$5,0)),"") -> Grouped OQ / PQ-UAT scenario verification | O2: OQ | P2: =IFERROR(INDEX(Lookups!$N$3:$N$5,MATCH(L2,Lookups!$K$3:$K$5,0)),"") -> Low
A3: RA-002 | B3: DC-URS-002 | C3: General | D3: The system shall maintain a centralized Master Document Register for controlled documents. | E3: Must | F3: Yes | G3: Document master metadata or identification incorrect, incomplete or not retrievable. | H3: Medium | I3: Medium | J3: Medium | K3: =IFERROR(INDEX(Lookups!$D$3:$D$11,MATCH(H3&"|"&I3,Lookups!$C$3:$C$11,0)),"") -> 2 | L3: =IFERROR(INDEX(Lookups!$H$3:$H$11,MATCH(K3&"|"&J3,Lookups!$G$3:$G$11,0)),"") -> Medium | M3: =IFERROR(INDEX(Lookups!$L$3:$L$5,MATCH(L3,Lookups!$K$3:$K$5,0)),"") -> Specify in the Functional Specification and verify by individual OQ test case (positive testing). Procedural control where user judgement is involved. | N3: =IFERROR(INDEX(Lookups!$M$3:$M$5,MATCH(L3,Lookups!$K$3:$K$5,0)),"") -> Individual OQ test case — positive testing | O3: OQ | P3: =IFERROR(INDEX(Lookups!$N$3:$N$5,MATCH(L3,Lookups!$K$3:$K$5,0)),"") -> Low
A4: RA-003 | B4: DC-URS-003 | C4: General | D4: The system shall preserve the organization-issued Company Document Code as a separate field from the MicroLIMS system ID. | E4: Must | F4: Yes | G4: Document master metadata or identification incorrect, incomplete or not retrievable. | H4: High | I4: Medium | J4: Low | K4: =IFERROR(INDEX(Lookups!$D$3:$D$11,MATCH(H4&"|"&I4,Lookups!$C$3:$C$11,0)),"") -> 3 | L4: =IFERROR(INDEX(Lookups!$H$3:$H$11,MATCH(K4&"|"&J4,Lookups!$G$3:$G$11,0)),"") -> High | M4: =IFERROR(INDEX(Lookups!$L$3:$L$5,MATCH(L4,Lookups!$K$3:$K$5,0)),"") -> Design control plus independent verification. Specify explicitly in the Functional/Design Specification, implement with backend enforcement, and challenge in OQ with positive and negative test cases. Supporting procedural control (SOP) required where residual risk remains. | N4: =IFERROR(INDEX(Lookups!$M$3:$M$5,MATCH(L4,Lookups!$K$3:$K$5,0)),"") -> Individual OQ test case — positive and negative testing, executed and witnessed | O4: OQ | P4: =IFERROR(INDEX(Lookups!$N$3:$N$5,MATCH(L4,Lookups!$K$3:$K$5,0)),"") -> Medium (to be confirmed after test execution)
A5: RA-004 | B5: DC-URS-004 | C5: General | D5: The system shall automatically generate a unique permanent MicroLIMS Document ID for each Document Master. | E5: Must | F5: Yes | G5: Duplicate or non-unique MicroLIMS Document ID issued, breaking record identity. | H5: High | I5: Low | J5: High | K5: =IFERROR(INDEX(Lookups!$D$3:$D$11,MATCH(H5&"|"&I5,Lookups!$C$3:$C$11,0)),"") -> 2 | L5: =IFERROR(INDEX(Lookups!$H$3:$H$11,MATCH(K5&"|"&J5,Lookups!$G$3:$G$11,0)),"") -> Low | M5: =IFERROR(INDEX(Lookups!$L$3:$L$5,MATCH(L5,Lookups!$K$3:$K$5,0)),"") -> Verify by grouped OQ execution or PQ/UAT scenario. No additional design control required beyond standard development and code review. | N5: =IFERROR(INDEX(Lookups!$M$3:$M$5,MATCH(L5,Lookups!$K$3:$K$5,0)),"") -> Grouped OQ / PQ-UAT scenario verification | O5: OQ | P5: =IFERROR(INDEX(Lookups!$N$3:$N$5,MATCH(L5,Lookups!$K$3:$K$5,0)),"") -> Low
A6: RA-005 | B6: DC-URS-005 | C6: General | D6: The MicroLIMS Document ID shall remain unchanged across all revisions of the same Document Master. | E6: Must | F6: Yes | G6: MicroLIMS Document ID changes across revisions, breaking traceability of all linked records. | H6: High | I6: Low | J6: Medium | K6: =IFERROR(INDEX(Lookups!$D$3:$D$11,MATCH(H6&"|"&I6,Lookups!$C$3:$C$11,0)),"") -> 2 | L6: =IFERROR(INDEX(Lookups!$H$3:$H$11,MATCH(K6&"|"&J6,Lookups!$G$3:$G$11,0)),"") -> Medium | M6: =IFERROR(INDEX(Lookups!$L$3:$L$5,MATCH(L6,Lookups!$K$3:$K$5,0)),"") -> Specify in the Functional Specification and verify by individual OQ test case (positive testing). Procedural control where user judgement is involved. | N6: =IFERROR(INDEX(Lookups!$M$3:$M$5,MATCH(L6,Lookups!$K$3:$K$5,0)),"") -> Individual OQ test case — positive testing | O6: OQ | P6: =IFERROR(INDEX(Lookups!$N$3:$N$5,MATCH(L6,Lookups!$K$3:$K$5,0)),"") -> Low
A7: RA-006 | B7: DC-URS-006 | C7: General | D7: Authorized users shall be able to search and filter documents by company code, MicroLIMS ID, title, type, department/section, owner, status, revision and dates. | E7: Must | F7: Yes | G7: Document master metadata or identification incorrect, incomplete or not retrievable. | H7: Low | I7: Low | J7: High | K7: =IFERROR(INDEX(Lookups!$D$3:$D$11,MATCH(H7&"|"&I7,Lookups!$C$3:$C$11,0)),"") -> 1 | L7: =IFERROR(INDEX(Lookups!$H$3:$H$11,MATCH(K7&"|"&J7,Lookups!$G$3:$G$11,0)),"") -> Low | M7: =IFERROR(INDEX(Lookups!$L$3:$L$5,MATCH(L7,Lookups!$K$3:$K$5,0)),"") -> Verify by grouped OQ execution or PQ/UAT scenario. No additional design control required beyond standard development and code review. | N7: =IFERROR(INDEX(Lookups!$M$3:$M$5,MATCH(L7,Lookups!$K$3:$K$5,0)),"") -> Grouped OQ / PQ-UAT scenario verification | O7: OQ | P7: =IFERROR(INDEX(Lookups!$N$3:$N$5,MATCH(L7,Lookups!$K$3:$K$5,0)),"") -> Low
A8: RA-007 | B8: DC-URS-007 | C8: General | D8: The system shall support configurable document types including SOP, Protocol, Work Instruction, Test Method, Specification, Form, Template, Policy, Guideline and Other. | E8: Must | F8: Yes | G8: Document master metadata or identification incorrect, incomplete or not retrievable. | H8: Medium | I8: Low | J8: Medium | K8: =IFERROR(INDEX(Lookups!$D$3:$D$11,MATCH(H8&"|"&I8,Lookups!$C$3:$C$11,0)),"") -> 1 | L8: =IFERROR(INDEX(Lookups!$H$3:$H$11,MATCH(K8&"|"&J8,Lookups!$G$3:$G$11,0)),"") -> Low | M8: =IFERROR(INDEX(Lookups!$L$3:$L$5,MATCH(L8,Lookups!$K$3:$K$5,0)),"") -> Verify by grouped OQ execution or PQ/UAT scenario. No additional design control required beyond standard development and code review. | N8: =IFERROR(INDEX(Lookups!$M$3:$M$5,MATCH(L8,Lookups!$K$3:$K$5,0)),"") -> Grouped OQ / PQ-UAT scenario verification | O8: OQ | P8: =IFERROR(INDEX(Lookups!$N$3:$N$5,MATCH(L8,Lookups!$K$3:$K$5,0)),"") -> Low
A9: RA-008 | B9: DC-URS-008 | C9: General | D9: The system shall support configurable departments and sections for document ownership and classification. | E9: Must | F9: Yes | G9: Document master metadata or identification incorrect, incomplete or not retrievable. | H9: Medium | I9: Low | J9: Medium | K9: =IFERROR(INDEX(Lookups!$D$3:$D$11,MATCH(H9&"|"&I9,Lookups!$C$3:$C$11,0)),"") -> 1 | L9: =IFERROR(INDEX(Lookups!$H$3:$H$11,MATCH(K9&"|"&J9,Lookups!$G$3:$G$11,0)),"") -> Low | M9: =IFERROR(INDEX(Lookups!$L$3:$L$5,MATCH(L9,Lookups!$K$3:$K$5,0)),"") -> Verify by grouped OQ execution or PQ/UAT scenario. No additional design control required beyond standard development and code review. | N9: =IFERROR(INDEX(Lookups!$M$3:$M$5,MATCH(L9,Lookups!$K$3:$K$5,0)),"") -> Grouped OQ / PQ-UAT scenario verification | O9: OQ | P9: =IFERROR(INDEX(Lookups!$N$3:$N$5,MATCH(L9,Lookups!$K$3:$K$5,0)),"") -> Low
A10: RA-009 | B10: DC-URS-009 | C10: General | D10: Each Document Master shall maintain title, document type, department/section, owner and applicable classification metadata. | E10: Must | F10: Yes | G10: Document master metadata or identification incorrect, incomplete or not retrievable. | H10: Medium | I10: Medium | J10: Medium | K10: =IFERROR(INDEX(Lookups!$D$3:$D$11,MATCH(H10&"|"&I10,Lookups!$C$3:$C$11,0)),"") -> 2 | L10: =IFERROR(INDEX(Lookups!$H$3:$H$11,MATCH(K10&"|"&J10,Lookups!$G$3:$G$11,0)),"") -> Medium | M10: =IFERROR(INDEX(Lookups!$L$3:$L$5,MATCH(L10,Lookups!$K$3:$K$5,0)),"") -> Specify in the Functional Specification and verify by individual OQ test case (positive testing). Procedural control where user judgement is involved. | N10: =IFERROR(INDEX(Lookups!$M$3:$M$5,MATCH(L10,Lookups!$K$3:$K$5,0)),"") -> Individual OQ test case — positive testing | O10: OQ | P10: =IFERROR(INDEX(Lookups!$N$3:$N$5,MATCH(L10,Lookups!$K$3:$K$5,0)),"") -> Low
A11: RA-010 | B11: DC-URS-010 | C11: General | D11: The system shall clearly identify the current effective revision of each Document Master. | E11: Must | F11: Yes | G11: Incorrect revision presented as current effective, leading to use of a superseded procedure. | H11: High | I11: Medium | J11: Medium | K11: =IFERROR(INDEX(Lookups!$D$3:$D$11,MATCH(H11&"|"&I11,Lookups!$C$3:$C$11,0)),"") -> 3 | L11: =IFERROR(INDEX(Lookups!$H$3:$H$11,MATCH(K11&"|"&J11,Lookups!$G$3:$G$11,0)),"") -> High | M11: =IFERROR(INDEX(Lookups!$L$3:$L$5,MATCH(L11,Lookups!$K$3:$K$5,0)),"") -> Design control plus independent verification. Specify explicitly in the Functional/Design Specification, implement with backend enforcement, and challenge in OQ with positive and negative test cases. Supporting procedural control (SOP) required where residual risk remains. | N11: =IFERROR(INDEX(Lookups!$M$3:$M$5,MATCH(L11,Lookups!$K$3:$K$5,0)),"") -> Individual OQ test case — positive and negative testing, executed and witnessed | O11: OQ | P11: =IFERROR(INDEX(Lookups!$N$3:$N$5,MATCH(L11,Lookups!$K$3:$K$5,0)),"") -> Medium (to be confirmed after test execution)
A12: RA-011 | B12: DC-URS-011 | C12: Registration & Migration | D12: Authorized users shall be able to register a new controlled document. | E12: Must | F12: Yes | G12: Controlled document registered or migrated with incorrect identity, revision or file association; legacy record indistinguishable from a native record. | H12: Medium | I12: Low | J12: Medium | K12: =IFERROR(INDEX(Lookups!$D$3:$D$11,MATCH(H12&"|"&I12,Lookups!$C$3:$C$11,0)),"") -> 1 | L12: =IFERROR(INDEX(Lookups!$H$3:$H$11,MATCH(K12&"|"&J12,Lookups!$G$3:$G$11,0)),"") -> Low | M12: =IFERROR(INDEX(Lookups!$L$3:$L$5,MATCH(L12,Lookups!$K$3:$K$5,0)),"") -> Verify by grouped OQ execution or PQ/UAT scenario. No additional design control required beyond standard development and code review. | N12: =IFERROR(INDEX(Lookups!$M$3:$M$5,MATCH(L12,Lookups!$K$3:$K$5,0)),"") -> Grouped OQ / PQ-UAT scenario verification | O12: OQ | P12: =IFERROR(INDEX(Lookups!$N$3:$N$5,MATCH(L12,Lookups!$K$3:$K$5,0)),"") -> Low
A13: RA-012 | B13: DC-URS-012 | C13: Registration & Migration | D13: The system shall permit a document record to be saved as Draft before all final approval/effective-date information is available. | E13: Must | F13: Yes | G13: Controlled document registered or migrated with incorrect identity, revision or file association; legacy record indistinguishable from a native record. | H13: Medium | I13: Medium | J13: Medium | K13: =IFERROR(INDEX(Lookups!$D$3:$D$11,MATCH(H13&"|"&I13,Lookups!$C$3:$C$11,0)),"") -> 2 | L13: =IFERROR(INDEX(Lookups!$H$3:$H$11,MATCH(K13&"|"&J13,Lookups!$G$3:$G$11,0)),"") -> Medium | M13: =IFERROR(INDEX(Lookups!$L$3:$L$5,MATCH(L13,Lookups!$K$3:$K$5,0)),"") -> Specify in the Functional Specification and verify by individual OQ test case (positive testing). Procedural control where user judgement is involved. | N13: =IFERROR(INDEX(Lookups!$M$3:$M$5,MATCH(L13,Lookups!$K$3:$K$5,0)),"") -> Individual OQ test case — positive testing | O13: OQ | P13: =IFERROR(INDEX(Lookups!$N$3:$N$5,MATCH(L13,Lookups!$K$3:$K$5,0)),"") -> Low
... A204: RA-203 | B204: DC-URS-203 | C204: Integration Readiness | D204: In Phase 1 these capabilities shall not be invoked by, and shall not influence, laboratory execution workflows; their use shall be introduced only through the separate future controlled project. | E204: Must | F204: Yes | G204: Interface returns an incorrect effective revision or qualification status, or is consumed outside the approved Phase 1 scope. | H204: Medium | I204: Low | J204: Medium | K204: =IFERROR(INDEX(Lookups!$D$3:$D$11,MATCH(H204&"|"&I204,Lookups!$C$3:$C$11,0)),"") -> 1 | L204: =IFERROR(INDEX(Lookups!$H$3:$H$11,MATCH(K204&"|"&J204,Lookups!$G$3:$G$11,0)),"") -> Low | M204: =IFERROR(INDEX(Lookups!$L$3:$L$5,MATCH(L204,Lookups!$K$3:$K$5,0)),"") -> Verify by grouped OQ execution or PQ/UAT scenario. No additional design control required beyond standard development and code review. | N204: =IFERROR(INDEX(Lookups!$M$3:$M$5,MATCH(L204,Lookups!$K$3:$K$5,0)),"") -> Grouped OQ / PQ-UAT scenario verification | O204: OQ | P204: =IFERROR(INDEX(Lookups!$N$3:$N$5,MATCH(L204,Lookups!$K$3:$K$5,0)),"") -> Low

Sheet Lookups
A1: Lookup tables — do not edit. Drive the calculated columns on the Risk Assessment sheet.
C2: Severity|Probability | D2: Risk Class | G2: Class|Detectability | H2: Risk Priority | K2: Risk Priority | L2: Control Strategy | M2: Verification Approach | N2: Residual Risk
C3: High|High | D3: 3 | G3: 3|Low | H3: High | K3: High | L3: Design control plus independent verification. Specify explicitly in the Functional/Design Specification, implement with backend enforcement, and challenge in OQ with positive and negative test cases. Supporting procedural control (SOP) required where residual risk remains. | M3: Individual OQ test case — positive and negative testing, executed and witnessed | N3: Medium (to be confirmed after test execution)
C4: High|Medium | D4: 3 | G4: 3|Medium | H4: High | K4: Medium | L4: Specify in the Functional Specification and verify by individual OQ test case (positive testing). Procedural control where user judgement is involved. | M4: Individual OQ test case — positive testing | N4: Low
C5: High|Low | D5: 2 | G5: 3|High | H5: Medium | K5: Low | L5: Verify by grouped OQ execution or PQ/UAT scenario. No additional design control required beyond standard development and code review. | M5: Grouped OQ / PQ-UAT scenario verification | N5: Low
C6: Medium|High | D6: 3 | G6: 2|Low | H6: High
C7: Medium|Medium | D7: 2 | G7: 2|Medium | H7: Medium
C8: Medium|Low | D8: 1 | G8: 2|High | H8: Low
C9: Low|High | D9: 2 | G9: 1|Low | H9: Medium
C10: Low|Medium | D10: 1 | G10: 1|Medium | H10: Low
C11: Low|Low | D11: 1 | G11: 1|High | H11: Low

Sheet Summary
A1: Risk Assessment Summary
A2: All figures are formula-driven from the Risk Assessment sheet and update when ratings are amended.
A4: Requirements by Risk Priority
A5: Risk Priority | B5: Count | C5: % of Baseline | D5: Verification Approach
A6: High | B6: =COUNTIF('Risk Assessment'!$L$2:$L$204,A6) -> 95 | C6: =IFERROR(B6/$B$9,0) -> 0.4679803 | D6: Individual OQ test case — positive and negative testing, executed and witnessed
A7: Medium | B7: =COUNTIF('Risk Assessment'!$L$2:$L$204,A7) -> 75 | C7: =IFERROR(B7/$B$9,0) -> 0.36945813 | D7: Individual OQ test case — positive testing
A8: Low | B8: =COUNTIF('Risk Assessment'!$L$2:$L$204,A8) -> 33 | C8: =IFERROR(B8/$B$9,0) -> 0.16256158 | D8: Grouped OQ / PQ-UAT scenario verification
A9: Total | B9: =SUM(B6:B8) -> 203 | C9: =IFERROR(B9/$B$9,0) -> 1
A11: Requirements by Category and Risk Priority
A12: Category | B12: Total | C12: High | D12: Medium | E12: Low
A13: Audit Trail | B13: =COUNTIF('Risk Assessment'!$C$2:$C$204,$A13) -> 10 | C13: =COUNTIFS('Risk Assessment'!$C$2:$C$204,$A13,'Risk Assessment'!$L$2:$L$204,"High") -> 6 | D13: =COUNTIFS('Risk Assessment'!$C$2:$C$204,$A13,'Risk Assessment'!$L$2:$L$204,"Medium") -> 3 | E13: =COUNTIFS('Risk Assessment'!$C$2:$C$204,$A13,'Risk Assessment'!$L$2:$L$204,"Low") -> 1
A14: Automatic System Actions | B14: =COUNTIF('Risk Assessment'!$C$2:$C$204,$A14) -> 7 | C14: =COUNTIFS('Risk Assessment'!$C$2:$C$204,$A14,'Risk Assessment'!$L$2:$L$204,"High") -> 7 | D14: =COUNTIFS('Risk Assessment'!$C$2:$C$204,$A14,'Risk Assessment'!$L$2:$L$204,"Medium") -> 0 | E14: =COUNTIFS('Risk Assessment'!$C$2:$C$204,$A14,'Risk Assessment'!$L$2:$L$204,"Low") -> 0
A15: Availability | B15: =COUNTIF('Risk Assessment'!$C$2:$C$204,$A15) -> 1 | C15: =COUNTIFS('Risk Assessment'!$C$2:$C$204,$A15,'Risk Assessment'!$L$2:$L$204,"High") -> 0 | D15: =COUNTIFS('Risk Assessment'!$C$2:$C$204,$A15,'Risk Assessment'!$L$2:$L$204,"Medium") -> 1 | E15: =COUNTIFS('Risk Assessment'!$C$2:$C$204,$A15,'Risk Assessment'!$L$2:$L$204,"Low") -> 0
A16: Configuration | B16: =COUNTIF('Risk Assessment'!$C$2:$C$204,$A16) -> 10 | C16: =COUNTIFS('Risk Assessment'!$C$2:$C$204,$A16,'Risk Assessment'!$L$2:$L$204,"High") -> 2 | D16: =COUNTIFS('Risk Assessment'!$C$2:$C$204,$A16,'Risk Assessment'!$L$2:$L$204,"Medium") -> 8 | E16: =COUNTIFS('Risk Assessment'!$C$2:$C$204,$A16,'Risk Assessment'!$L$2:$L$204,"Low") -> 0
A17: Data Integrity | B17: =COUNTIF('Risk Assessment'!$C$2:$C$204,$A17) -> 7 | C17: =COUNTIFS('Risk Assessment'!$C$2:$C$204,$A17,'Risk Assessment'!$L$2:$L$204,"High") -> 4 | D17: =COUNTIFS('Risk Assessment'!$C$2:$C$204,$A17,'Risk Assessment'!$L$2:$L$204,"Medium") -> 3 | E17: =COUNTIFS('Risk Assessment'!$C$2:$C$204,$A17,'Risk Assessment'!$L$2:$L$204,"Low") -> 0
A18: File Control | B18: =COUNTIF('Risk Assessment'!$C$2:$C$204,$A18) -> 13 | C18: =COUNTIFS('Risk Assessment'!$C$2:$C$204,$A18,'Risk Assessment'!$L$2:$L$204,"High") -> 7 | D18: =COUNTIFS('Risk Assessment'!$C$2:$C$204,$A18,'Risk Assessment'!$L$2:$L$204,"Medium") -> 3 | E18: =COUNTIFS('Risk Assessment'!$C$2:$C$204,$A18,'Risk Assessment'!$L$2:$L$204,"Low") -> 3
A19: General | B19: =COUNTIF('Risk Assessment'!$C$2:$C$204,$A19) -> 10 | C19: =COUNTIFS('Risk Assessment'!$C$2:$C$204,$A19,'Risk Assessment'!$L$2:$L$204,"High") -> 2 | D19: =COUNTIFS('Risk Assessment'!$C$2:$C$204,$A19,'Risk Assessment'!$L$2:$L$204,"Medium") -> 3 | E19: =COUNTIFS('Risk Assessment'!$C$2:$C$204,$A19,'Risk Assessment'!$L$2:$L$204,"Low") -> 5
A20: Integration Readiness | B20: =COUNTIF('Risk Assessment'!$C$2:$C$204,$A20) -> 3 | C20: =COUNTIFS('Risk Assessment'!$C$2:$C$204,$A20,'Risk Assessment'!$L$2:$L$204,"High") -> 0 | D20: =COUNTIFS('Risk Assessment'!$C$2:$C$204,$A20,'Risk Assessment'!$L$2:$L$204,"Medium") -> 0 | E20: =COUNTIFS('Risk Assessment'!$C$2:$C$204,$A20,'Risk Assessment'!$L$2:$L$204,"Low") -> 3
A21: KAF | B21: =COUNTIF('Risk Assessment'!$C$2:$C$204,$A21) -> 19 | C21: =COUNTIFS('Risk Assessment'!$C$2:$C$204,$A21,'Risk Assessment'!$L$2:$L$204,"High") -> 6 | D21: =COUNTIFS('Risk Assessment'!$C$2:$C$204,$A21,'Risk Assessment'!$L$2:$L$204,"Medium") -> 8 | E21: =COUNTIFS('Risk Assessment'!$C$2:$C$204,$A21,'Risk Assessment'!$L$2:$L$204,"Low") -> 5
A22: Lifecycle | B22: =COUNTIF('Risk Assessment'!$C$2:$C$204,$A22) -> 10 | C22: =COUNTIFS('Risk Assessment'!$C$2:$C$204,$A22,'Risk Assessment'!$L$2:$L$204,"High") -> 6 | D22: =COUNTIFS('Risk Assessment'!$C$2:$C$204,$A22,'Risk Assessment'!$L$2:$L$204,"Medium") -> 4 | E22: =COUNTIFS('Risk Assessment'!$C$2:$C$204,$A22,'Risk Assessment'!$L$2:$L$204,"Low") -> 0
A23: Performance | B23: =COUNTIF('Risk Assessment'!$C$2:$C$204,$A23) -> 1 | C23: =COUNTIFS('Risk Assessment'!$C$2:$C$204,$A23,'Risk Assessment'!$L$2:$L$204,"High") -> 0 | D23: =COUNTIFS('Risk Assessment'!$C$2:$C$204,$A23,'Risk Assessment'!$L$2:$L$204,"Medium") -> 0 | E23: =COUNTIFS('Risk Assessment'!$C$2:$C$204,$A23,'Risk Assessment'!$L$2:$L$204,"Low") -> 1
A24: Periodic Review | B24: =COUNTIF('Risk Assessment'!$C$2:$C$204,$A24) -> 14 | C24: =COUNTIFS('Risk Assessment'!$C$2:$C$204,$A24,'Risk Assessment'!$L$2:$L$204,"High") -> 4 | D24: =COUNTIFS('Risk Assessment'!$C$2:$C$204,$A24,'Risk Assessment'!$L$2:$L$204,"Medium") -> 9 | E24: =COUNTIFS('Risk Assessment'!$C$2:$C$204,$A24,'Risk Assessment'!$L$2:$L$204,"Low") -> 1
... A37: Usability | B37: =COUNTIF('Risk Assessment'!$C$2:$C$204,$A37) -> 3 | C37: =COUNTIFS('Risk Assessment'!$C$2:$C$204,$A37,'Risk Assessment'!$L$2:$L$204,"High") -> 0 | D37: =COUNTIFS('Risk Assessment'!$C$2:$C$204,$A37,'Risk Assessment'!$L$2:$L$204,"Medium") -> 0 | E37: =COUNTIFS('Risk Assessment'!$C$2:$C$204,$A37,'Risk Assessment'!$L$2:$L$204,"Low") -> 3
A38: Total | B38: =SUM(B13:B37) -> 203 | C38: =SUM(C13:C37) -> 95 | D38: =SUM(D13:D37) -> 75 | E38: =SUM(E13:E37) -> 33
A40: Estimated Qualification Effort
A41: Verification Approach | B41: Requirements | C41: Indicative OQ/PQ Test Cases | D41: Basis
A42: Individual OQ — positive and negative | B42: =COUNTIF('Risk Assessment'!$L$2:$L$204,"High") -> 95 | C42: =B42*2 -> 190 | D42: Each high-risk requirement requires at least one positive and one negative test case.
A43: Individual OQ — positive | B43: =COUNTIF('Risk Assessment'!$L$2:$L$204,"Medium") -> 75 | C43: =B43 -> 75 | D43: One test case per requirement.
A44: Grouped OQ / PQ-UAT | B44: =COUNTIF('Risk Assessment'!$L$2:$L$204,"Low") -> 33 | C44: =ROUNDUP(B44/4,0) -> 9 | D44: Approximately four low-risk requirements verified per grouped scenario.
A45: Total | B45: =SUM(B42:B44) -> 203 | C45: =SUM(C42:C44) -> 274
A47: Note: test case counts are indicative planning figures only and are superseded by the approved OQ/PQ protocols.
